{
  "project_info": {
    "project_number": "526839984205",
    "project_id": "stairlight-97c00",
    "storage_bucket": "stairlight-97c00.firebasestorage.app"
  },
  "client": [
    {
      "client_info": {
        "mobilesdk_app_id": "1:526839984205:android:843d50754c7fc060caac04",
        "android_client_info": {
          "package_name": "com.example.eldroid_stairlight"
        }
      },
      "oauth_client": [],
      "api_key": [
        {
          "current_key": "AIzaSyDJOeGa4un2ujQAB0muCPrFuOnJO9EB1AI"
        }
      ],
      "services": {
        "appinvite_service": {
          "other_platform_oauth_client": []
        }
      }
    }
  ],
  "configuration_version": "1"
}